question,domain,context_type,n_embed,unique_top1,hit_count
"시중은행, 지방은행, 인터넷은행의 인가 요건 및 절차에 차이가 있는데 그 차이점은 무엇인가요?",finance,paragraph,21,5,5
"은행업을 신청하고자 할 때, 은행법상 소유규제에 부합하는 대주주 요건을 충족하려면 어떤 서류를 제출해야하는지",finance,table,21,8,6
본인가를 받으려는 지방은행이 시중은행 전환시 예비인가를 받을 필요가 있는지 설명하시오. 그리고 예비인가를 받,finance,paragraph,21,6,5
"은행법에 의거 예비인가를 신청할 수 있는지와, 그 경우 금융위원회가 검토했어야 하는 요건은 무엇인가요?",finance,paragraph,21,10,1
2019년 YTD 기준으로 브라질의 주식 시장 수익률과 베트남의 주식 시장 수익률 사이에 어떤 차이가 있었나,finance,image,21,11,0
"바이오주 주가 급락에 따른 셀트리온의 주가 변동률과, 현대차, 삼성전자, 신한지주의 상승률, 그리고 POSC",finance,image,21,17,0
"미국, 중국, 한국에 대한 성과 및 주식시장 선호도의 예상 순서는 어떻게 됩니까?",finance,image,21,11,0
2001~2002년과 2008~2009년 중 어떤 기간의 경제 상황이 더 안 좋았는지 그 이유와 함께 설명해,finance,image,21,16,0
1995년에 연방 기준 금리가 하락한 후 S&P 500 지수와 10년물 미국 국채 금리는 각각 어떤 변화를 ,finance,image,21,12,0
2019년 영업이익과 순이익 각각이 2017년 대비 감소한 비율은 얼마나 되는가?,finance,image,21,12,0
투자 매력도 상위 국가들의 공통점은 무엇인가?,finance,image,21,12,0
실질금리란 무엇이며 실질금리와 설비투자의 관계에 대해 설명해주세요.,finance,image,21,14,0
2012년 2월부터 신탁은행이 취급하기 시작한 새로운 상품의 명칭과 이 상품의 출시 배경에 대해 설명하세요.,finance,paragraph,21,8,0
"2002년과 2012년에 걸쳐 변액연금 잔고와 월지급식 펀드 순자산이 어떠한 추세를 보였으며, 이를 통해 어",finance,paragraph,21,9,13
"가입기간에 따라 연금 수급액이 어떻게 차등 지급되며, 이를 보완하기 위해 검토 중인 방안에는 어떤 것들이 있",finance,paragraph,21,6,13
"2012년 대비 2025년에 지급비 합계는 얼마나 증가할 것으로 예상되며, 그중에서 의료비가 차지하는 비율은",finance,table,21,10,8
"고령자의 의료 확보에 관한 법률 시행령과 시행규칙, 이와 관련된 교부금 및 국고부담금 산정에 관한 정부령은 ",finance,table,21,7,0
2005년에 일본에서 제정된 고령화 대책법은 어떤 것들이 있나요?,finance,table,21,10,0
"간병 종사자 등의 인재확보를 위한 처우개선에 관한 법률은 언제 제정되었고, 그 법률번호는 무엇인가?",finance,table,21,7,14
1994년부터 2001년까지 고령사회 대책과 관련하여 가장 먼저 이루어진 이벤트와 그 연도와 마지막으로 이루,finance,table,21,6,16
"1996년, 2001년, 2012년의 대책대강에서 공통적으로 포함되어 있던 고령자의 취업에 관련된 주요 항목",finance,table,21,4,15
"정부, 기업, 금융산업이 협력하여 녹색금융을 확대 및 활성화함으로써 얻을 수 있는 세 가지 이점에는 무엇이 ",finance,paragraph,21,4,0
주요국들이 지구 평균기온 상승폭을 1.5oC 이내로 억제하기 위한 노력을 강화함에 따라 필요한 탄소배출량 감,finance,paragraph,21,5,13
"PRI, PSI, PRB에서 각각 공통적으로 강조하는 활동은 무엇이며, 이들 원칙에서 각각 독특하게 강조하는",finance,image,21,10,1
"TCFD의 '전략' 핵심요소는 어떤 기후변화 시나리오를 고려하면서 잠재적 재무 리스크를 파악하며, 그 리스크",finance,table,21,5,15
"기후위기 그린뉴딜 기본법과 녹색금융 특별법에서 주요하게 다룬 내용은 무엇이며, 이를 실행하기 위해 어떠한 협",finance,image,21,11,0
녹색금융 실행계획의 세 가지 목표를 각각 달성하기 위해 어떠한 구체적인 계획이 마련되어 있는지 설명해보세요.,finance,image,21,10,0
2030년까지 친환경 산업 확대를 통해 창출될 수 있는 일자리와 예상되는 매출은 어느 정도인가요?,finance,paragraph,21,5,16
"금융 회사가 이행리스크 분석을 위해 PCAF의 기준을 활용하여 탄소 배출량을 정량화하고, 이후 과학기반 탄소",finance,paragraph,21,5,13
"PCAF는 2020년 11월에 어떤 지침서를 제공했고, 그 지침서에 기반한 금융자산을 분류하는 방법은 무엇인",finance,paragraph,21,4,18
"2023년 4/4분기 중에 한국은행이 유동성조절을 위해 취한 대응책들에는 어떤 것들이 있으며, 그 결과로 이",finance,paragraph,21,5,17
2024년도 한국은행의 대정부 일시대출금 한도와 대출조건을 결정하는 과정에서 보완된 대출 부대조건에 대해 설,finance,paragraph,21,5,17
"공개시장운영 대상기관으로 선정된 자산운용사가 본격적으로 작동하게 된다면, 초단기금리의 안정에 어떻게 기여할 ",finance,paragraph,21,4,17
RP매매 시 대상증권의 배정 방식 개선과 이를 통한 운영리스크 축소 및 대상증권 활용도 제고 방안에 대해 설,finance,paragraph,21,5,17
2024년 한국의 GDP 성장률 전망과 주요 영향 요인들에 대해 설명해 주세요.,finance,paragraph,21,8,4
지난 2024년 2월에 기록된 소비자물가지수의 품목별 인플레이션 분포에서 1분위와 3분위의 수치는 각각 어떻,finance,paragraph,21,7,14
2023년에 각국에서 실행된 시장왜곡 가능성 있는 산업정책 중에서 영향 받는 품목을 특정할 수 있는 정책의 ,finance,paragraph,21,4,18
"비은행 금융기관의 부동산 PF 대출 연체율 상승에 따른 미래적 영향은 무엇이며, 어떤 부문에 큰 영향이 예상",finance,paragraph,21,5,15
미 연준은 어떠한 이유로 인해 금리인하를 결정하기에는 이른 시점이라고 평가하였나요? 또한 미 연준의 대차대조,finance,paragraph,21,6,16
"특정 국가의 중앙은행들이 인플레이션 둔화에 대응하려 정책금리 동결을 결정했다고 본문에서 언급되어 있는데, 이",finance,paragraph,21,5,7
"지방은행에서 시중은행으로의 전환 시 대법원의 처분 관련 선례가 어떻게 적용되는지, 그리고 이에 따른 심사 절",finance,paragraph,21,9,7
"은행업 인가의 경우 예비인가를 거치는 이유와, 정상적으로 은행업을 영위하고 있는 지방은행이 시중은행으로 전환",finance,paragraph,21,7,0
상생금융 과제 중 보험업권에서 중점적으로 추진하는 프로그램의 특징과 그로 인한 사회적 효과는 무엇인가요?,finance,paragraph,21,4,0
"보험업권이 2024년상반기에 출시한 '보험소비자 민생안정특약'과 관련해 설명할 수 있는 내용은 무엇이며, 이",finance,paragraph,21,3,19
"은행권 상생금융과 여전업권 상생금융에서 가장 많은 지원을 받은 주요 내용은 무엇이며, 그 지원 규모는 각각 ",finance,table,21,7,4
2024년 2월까지의 보험업권 상생금융의 지원실적은 얼마인가?,finance,table,21,10,2
"저금리 대환 프로그램' 확대 개편의 주요 내용 중, 대출금리 인하의 최대 범위와 그 기간은 어떻게 되나요?",finance,paragraph,21,10,2
핀테크 혁신펀드 투자로 기업가치가 크게 성장한 회사들의 예시와 그 성장 배율을 구체적으로 말해줄 수 있나요?,finance,paragraph,21,6,13
핀테크 혁신펀드 운용을 통해 기대되는 효과는 무엇인가요?,finance,image,21,6,2
"핀테크 혁신펀드 1호가 운용된 기간과 그 기간 동안의 투자 목표 금액, 실제 조성된 금액, 투자 완료된 금액",finance,paragraph,21,5,8
현행 계약형 퇴직연금제도와 기금형 퇴직연금제도의 주요 차이점은 무엇인가요?,finance,paragraph,21,4,18
"한국에서 퇴직연금제도가 시작된 유래가 어떠하며, DB제도와 DC제도가 기업과 노동자에게 어떠한 영향을 미치는",finance,paragraph,21,4,16
Garry Weaven이 속한 조직의 이름은 무엇인가요?,finance,image,21,9,0
"5년, 10년, 15년 국채 금리를 비교했을 때, 가장 금리가 높게 측정된 국가와 그 금리를 특정 기간 별로",finance,image,21,8,0
"1년, 3년, 5년, 10년 동안의 산업형기금, 기업형기금, 공적기금의 수익률을 비교했을 때, 어떤 기간 동",finance,image,21,13,0
"호주의 성공적인 연금 시스템이 강조하는 네 가지 요인 중, 동기와 문화를 활용하여 회원들에게 어떤 방식으로 ",finance,image,21,8,0
"기존 퇴직금, DB연금, DC연금, 해외 전통 DB의 파산위험 절연에 대해 설명해주세요.",finance,image,21,8,0
"DB연금과 해외 전통 DB의 차이점은 무엇이며, 각각의 기업 부담총액 계산 방식을 설명해주세요.",finance,image,21,9,0
100인 이하 근로자를 고용하는 사업체의 전체 근로자와 대비하여 가입 대상 근로자 수의 비율은 어떻게 되나요,finance,image,21,14,0
"DB, DC, CDC 연금 제도의 위험 유형은 무엇이며, 각각의 위험부담 내용을 비교해주세요.",finance,image,21,10,0
"2024년 1월, 2월, 3월 각각의 평균 조달금리와 응찰률이 어떻게 되나요?",public,table,21,12,3
2023년과 2024년 사이에서 선진국의 성장률 변화와 신흥국 물가 상승률의 변화를 비교해보면 어떠한 경향을,public,table,21,14,2
23~ '27년 부처 요구와 '22~'26년 계획의 증가율을 비교하자면 어떠한 차이가 나타나는지 설명해주세요,public,table,21,10,10
2023년에 비해 2026년의 조세부담률과 국민부담률의 변화율을 각각 알려주세요.,public,table,21,14,2
2023년에 비해 2027년에 의무지출의 비중이 얼마나 늘어난 것인가?,public,table,21,14,4
교당 평균 지원단가는 23년도와 24년도 사이에 어느 정도 변화하였나요? 그리고 이 변화율은 어느 정도인가요,public,table,21,8,12
"사서교사 정원이 2019년부터 2024년까지 어느 년도에서 가장 많이 증원되었는지, 그리고 그 증원규모는 얼",public,table,21,5,15
중앙재난심리회복지원단에서 제공하는 서비스를 각각 이용한 사람들의 수를 각기 다른 부처 별로 구분해 가장 많은,public,table,21,10,12
앙골라의 다이아몬드 생산량이 가장 높았던 년도와 그 년도의 생산량은 무엇인가요?,public,table,21,3,0
"2019년에 비해 2022년의 무역 수지는 어떻게 변화했으며, 그 원인은 무엇일까요?",public,table,21,15,0
산업고등기술센터 건립사업의 총 예산이 농업 현대화 사업(보충)이나 어류가공시설 및 냉동창고 건립사업 각각에 ,public,table,21,12,0
"외기 절대습도가 11.5 g/kg일 때, 각 구간별 결로 상태는 어떻게 되나요?",public,table,21,4,18
전남에서 가장 많은 학생을 수용할 수 있는 기관명칭과 그 과정명은 무엇인가요?,public,table,21,14,1
서울 강서구에 위치한 티웨이항공 항공훈련센터에서 진행되는 '객실승무원훈련과정 (세부 7개과정)'의 연간 수용,public,table,21,8,11
한국항공우주기술협회 항공기술교육원에서 '항공기 기종교육과정 - C-172 항공정비사' 과정에 참여하는 사람들,public,table,21,6,15
세 가지 주제에 대해 중점과제들을 구체적으로 설명하시오.,public,image,21,13,0
"2014년과 2023년 사이에 학생 1인당 장서 수, 국공립 학교 사서교사 수, 학교도서관 전담인력 배치 학",public,image,21,9,10
"학교 도서관의 핵심기능 중 자료 접근에 어떤 형태의 도서가 대부분 이용되고 있으며, 독서교육에서는 어떤 내용",public,image,21,8,0
"Téte António는 주어떤 상주대표를 역임하면서 어떤 대학에서 연수를 받았으며, 그의 외교부 장관으로서",public,image,21,6,0
재해자금 지원 대상 농업인이라면 위기·재기보증 단계에서 받을 수 있는 최대 대출액과 보증비율은 얼마인가요?,public,image,21,7,13
"2023년 국가재정운용계획 수립 절차 중, 분야별·지역별 예산협의회 및 간담회 개최 시기와 국회 제출 시기는",public,paragraph,21,7,11
"불요불급한 자산을 처분하여 회수하는 자금은 어떻게 활용되는지, 그리고 공공기관의 재무건전성 관리 강화를 위해",public,paragraph,21,10,11
"북한의 위협에 대응하기 위해 강화해야하는 한국형 3축체계와는 무엇이며, 이를 통해 향상시키려는 국방 분야의 ",public,paragraph,21,6,13
사업비 정산에 대한 절차 중 국고지원금 집행 시점과 사업종료 후 발생이자에 대한 처리 방안에 대해서 설명하시,public,paragraph,21,9,0
"‘24년 대학혁신지원사업에 대한 성과평가용 자료 제출 및 성과평가 실시가 언제 예정되어있고, 이에 따른 사업",public,paragraph,21,5,17
"2023년 국가안전시스템 개편에 대한 주요 성과와 함께, 이러한 개편을 통해 어떤 실질적인 훈련이 실시되었는",public,paragraph,21,13,1
"고향사랑기부제 2.0에서는 어떤 방식으로 기부한도 상향 및 기부방식을 개선하고, 향후 어떤 제도개선이 연구되",public,paragraph,21,6,15
"지방공공기관 구조개혁의 향후 계획으로 무엇이 제시되었으며, 이에 따르는 부채감축대상기관의 선정 기준은 무엇인",public,paragraph,21,6,16
"앞으로 2024년까지 교체되어질 CCTV의 수는 얼마나 되며, 이것이 관제의 범위에 어떤 영향을 미칠 것으로",public,paragraph,21,9,11
"처음에 재난피해 규모를 최소화하기 위해 지자체의 신속한 대응이 중요하다고 말씀하셨는데, 이를 위해 지역에서 ",public,paragraph,21,8,10
"정부24에 통합되어 제공될 '주요 서비스'는 언제 누적 몇 종이 될 계획인가, 그리고 그 중 어떤 기관의 어",public,paragraph,21,5,17
"착한가격업소 활성화를 위한 주요 지원책에는 어떤 것들이 있으며, 이를 통해 어떠한 결과를 도모하려는 것인지 ",public,paragraph,21,11,11
온기를 전달하는 나눔‧상생의 문화를 확산하기 위한 범국민‧지역별 추진본부의 구성 예정 시기와 주요 홍보 방법,public,paragraph,21,4,18
정부가 제주4.3사건 희생자 보상 및 여순사건 진상조사와 관련하여 주요한 활동은 무엇인가요?,public,paragraph,21,5,17
"2002년부터 2023년까지 학생 한 명당 장서(도서) 수가 어떻게 변화하였고, 이 변화에 대한 주요 전략은",public,paragraph,21,9,5
지금까지 학교도서관이 주로 수행해왔던 기능들과 그것이 디지털 시대에 직면한 새로운 독서교육 요구에 어떻게 부,public,paragraph,21,9,7
교육혁신을 위해 학교도서관 활용(협력) 수업 사례로 제시된 정보교과+사서교사의 수업에서는 어떤 주제와 교수전,public,paragraph,21,6,14
초3과 중1학생들에 대한 책임교육학년제의 필요성과 이와 관련된 미국과 프랑스의 시행 사례에 대해 설명해주세요,public,paragraph,21,5,17
"2023년에 발표된 '가을철 지역축제 안전관리협조 요청 사항'은 무엇인지, 그리고 이를 통해 지자체가 어떠한",public,paragraph,21,6,16
"112 반복신고 감지시스템은 어떻게 구성되어 있고, 그 효과는 어떻게 변화해 왔나요?",public,paragraph,21,5,17
"22년 대비 '23년에 시군구 지역안전관리위원회 개최 횟수는 어떻게 변하였고, 심의안건 중 인파안전관리 관련",public,paragraph,21,6,16
"2023년에 실시될 개선된 구조·구급훈련은 기존의 어떤 훈련들을 통합하고, 어떤 새로운 훈련을 신설하게 되는",public,paragraph,21,7,13
재난안전 상황관리를 위해 확대 운영된 시군구 상시 재난안전상황실의 수가 '23년 1월 대비 '23년 12월에,public,paragraph,21,6,15
2023년 벤처투자 회복을 위해 변화된 '복수의결권' 시행과 전면 네거티브 규제특례 적용에 대해 자세히 설명,public,paragraph,21,10,0
"2024년 세계경제 성장 및 교역 전망치를 바탕으로 미국, 중국, 독일, 대만의 경제 성장률 전망이 어떻게 ",public,paragraph,21,9,9
"정부의 소상공인 지원과 관련해 '대환대출', '일시적 경영 애로자금'의 확대 예산 규모와 시행 연도, 그리고",public,paragraph,21,7,0
"2024년에 수립된 자영업자 고용보험 가입 진흥 방안 중, 정부의 지원 총액과 정부가 지원하는 보험료 비율의",public,paragraph,21,11,11
"2024년에 신설할 'K-스카우터' 제도는 어떤 목적을 가진 제도이며, 이를 통해 어떤 활동이 추진될 예정인",public,paragraph,21,16,3
"ESG 대응 방안 중, '민·관 합동지원단'의 역할은 무엇인가요? 그리고 이를 통해 중소기업의 ESG 대응을",public,paragraph,21,5,17
앙골라와 유럽연합(EU)이 고위급 파트너십을 체결한 후 2023년 12월까지 제6차 장관급 회의를 가질 계획,public,paragraph,21,6,0
"앙골라가 2023년에 다른 유럽 국가들과 회담을 진행하였는데, 이 중에서 특히 어느 국가의 총리와 정상급 교",public,paragraph,21,5,0
앙골라의 TAAG항공이 연결한 국내외 노선 개수와 이에 대한 유럽연합의 안전 조치가 일어난 시기 그리고 신국,public,paragraph,21,2,0
수도 루안다를 중심으로 구축된 앙골라의 주요 교통 인프라와 그것이 앙골라 경제에 미친 영향에 대해 설명해주세,public,paragraph,21,12,1
"앙골라 정부의 외국인투자 유치법 개정에는 어떤 주요한 변화가 있었고, 그 변화로 인해 앞으로 앙골라 경제는 ",public,paragraph,21,6,0
"앙골라의 2022년 기준 원유 확인 매장량과 일산량, 주요 원유 수출 대상국을 각각 명시하고, 2023년 예",public,paragraph,21,5,0
앙골라의 소득 불균형 지표는 어떠한가? 그리고 UNDP 인간개발지수(HDI) 조사 결과 앙골라는 어떠한 변화,public,paragraph,21,16,0
"2023년 기준 앙골라와의 교역규모는 얼마이며, 대앙골라 누계 투자액은 2022년 기준으로 얼마인가요?",public,paragraph,21,9,1
앙골라를 중심으로 한 1994년 11월의 루사카 평화협정의 주요 내용은 무엇인가요?,public,paragraph,21,7,0
"청년농 우대보증 한도를 5억으로 정하고 후계농 정책자금으로 3억을 사용한 후, 다른 정책자금으로 남은 2억을",public,paragraph,21,5,0
"금융기관에서 담보 설정시 대출가능 금액이 토지와 시설물에서 각각 시세의 80%, 60% 수준인 이유와 이에 ",public,paragraph,21,8,0
유행성 각결막염(EKC)의 주요 병원체와 임상적인 증상에 대해 설명해주세요.,medical,table,21,9,13
"급성 출혈성 결막염은 어떠한 병원체로 인해 감염되며, 그 감염된 병원체의 잠복기는 얼마나 되나요?",medical,table,21,6,0
"2003년 사망통계에 따르면, 10만명당 허혈성심장질환으로 인한 사망률은 어떻게 되며 이것이 전체 사망 원인",medical,table,21,7,12
"양성종양과 악성종양(암)의 성장속도와 재발성, 전이성에 대한 차이점은 무엇인가요?",medical,table,21,7,15
각 암종류 별로 검진주기와 검진방법이 다르게 권장됩니다. 간암과 대장암의 경우 어떤 방식으로 얼마나 자주 시,medical,table,21,15,1
"1953년부터 2013년 동안 몇 번의 유행성각결막염이 일어났으며, 아데노바이러스의 주요 혈청형은 무엇인가요",medical,image,21,7,14
대한민국에서 가장 높은 조발생률을 가진 암과 그 조발생률은 무엇인가요? 그리고 해당 암의 5년 상대생존율은 ,medical,image,21,8,12
대한민국에서 두번째로 높은 조발생률을 가진 암은 무엇인가요? 그리고 5년 상대생존율이 가장 높은 암은 무엇인,medical,image,21,7,12
비방사선 검사인 직장수지검사의 장단점과 그 정확도는 어떠한가요?,medical,image,21,6,16
대장암 발생 고위험군으로 분류되는 위험 요인의 기준과 대장암 검진 외에 대장암 예방을 위해 실천해야하는 생활,medical,image,21,11,3
"NCCN 임상실무지침과 NCCN 임상실무지침 for Patients의 주요 차이점은 무엇이고, 각각 어떤 대",medical,image,21,5,11
고위험 그룹에 속하는 사람들은 어떤 유전성 암 증후군을 가지고 있는 사람들인가요?,medical,image,21,5,4
"대장암 검사 중 집에서 완료할 수 있으며 준비가 필요 없는 검사는 무엇이며, 이 검사의 한계는 무엇인가요?",medical,image,21,10,7
"가장 빠른 주기로 재검사를 권장하는 대장암 검진 방법 2가지는 무엇이며, 그각 얼마의 주기로 재검사를 권장하",medical,image,21,7,0
"위암의 병기를 결정하는 3가지 요소 중, 원발 종양의 침윤 깊이를 나타내는 요소와 그 병기들에 대해 설명하시",medical,image,21,9,4
"선천성 비루관 폐쇄증이 의심될 때, 증상 호전을 위한 처치 방법과 증상이 지속될 경우 어떤 치료 방법을 고려",medical,text,21,14,0
"아데노바이러스 중 어떤 형이 각결막염의 중증 사례의 주원인이며, 이것이 전세계적으로 주로 보고된 혈청형은 어",medical,text,21,6,16
2014년~2016년 동안 유행성 각결막염의 환자 분율이 가장 높았던 주와 그 때의 환자 분율을 연도별로 명,medical,text,21,8,14
"급성 여포성 결막염의 합병증 중 안구 건조증이 발생하는 원인과 그보통 지속되는 기간, 그리고 그 외 다른 합",medical,text,21,7,14
각막 상피하 혼탁 발생 시 쓰이는 약물과 이차적인 세균감염을 예방하는 데 사용되는 약물은 무엇인가요?,medical,text,21,5,13
"아폴로 눈병'이라고 불리는 급성 출혈성 결막염의 원인이 되는 바이러스는 무엇이며, 1986년부터 발생된 이 ",medical,text,21,8,12
2014~2016년동안 국내에서 급성 출혈성 결막염에 걸린 환자 중 가장 많은 연령층은 어떤 연령대였나요?,medical,text,21,8,11
"엔테로바이러스 70형과 콕사키바이러스 A24V형에서 임상양상이 나타나는 기간은 어떻게 다르며, 이 바이러스들",medical,text,21,4,9
2009년 12월에서 2010년 7월까지 발생한 약 300명의 유행성 각결막염 환자들의 진단 과정에서 특이사,medical,text,21,7,15
안구건조증에 대한 The International Dry Eye Workshop에서의 표준적인 분류체계는 어,medical,text,21,5,17
"암환자 중에서 혈액응고장애에 의한 뇌출혈 비율은 어느 정도이며, 이중 얼마나 많은 비율이 병원에서 사망하거나",medical,text,21,5,16
2013년부터 2015년까지 경기도의 유행성각결막염의 연간 환자분율 추세는 어떻게 변하였나요?,medical,text,21,6,16
"2015년에 유행성각결막염에 걸린 0-6세 환자들 중, 환자 발생 정점이 언제이며 그 때의 1,000명당 환",medical,text,21,9,10
2015년 유행성각결막염에 걸린 7-19세 환자 분율이 전국 분율과 어떤 차이를 보였나요?,medical,text,21,10,10
"0-6세 연령에서 급성출혈성결막염의 발생이 가장 높았던 주와 그때의 1,000명당 환자분율은 언제였나요?",medical,text,21,10,6
"2014년 20주 이후, 0-6세와 20세 이상의 외래환자 1,000명당 급성출혈성결막염 환자분율 발생이 어",medical,text,21,6,2
"2015년 49주에 0-6세와 20세 이상 외래환자 1,000명당 급성출혈성결막염 환자분율은 각각 어떠하였는",medical,text,21,6,1
"2000년 대비 2008년 우리나라 암 발생률이 얼마나 증가하였고, 이에 따른 암으로 인한 사망률은 어떠한 ",medical,text,21,5,13
"임상의협회(CDN)가 환자 네비게이션 프로그램을 운영하였을 때, 그 프로그램으로 인해 어떠한 변화가 일어났는",medical,text,21,8,11
대장암 의심 증상자가 CT 가상 대장내시경 검사를 받게 되면 어떤 점을 감안해야 하는지 설명해주실 수 있나요,medical,text,21,8,7
"분변잠혈검사는 대장암 조기 진단에 어떤 역할을 하며, 이 검사의 결과가 양성일 경우 어떤 추가 검사를 받을 ",medical,text,21,4,18
"2018년에 50세 이상의 연령대에서 발생한 대장암 환자의 수를 연령대별로 정렬하고, 이들 연령대별 환자 수",medical,text,21,9,5
"대장암 위치에 따라 소화기증상을 호소한 환자의 수와 가장 많이 발생한 증상에 대해 설명하고, 암 위치에 따라",medical,text,21,6,1
"연령이 대장암의 발병률과 그 분포에 어떤 영향을 미치는지 설명하고, 국가암검진대상인 50세를 기준으로 대장암",medical,text,21,11,2
"2010년 미국에서 50세 미만에서 발생한 직장암과 결장암의 퍼센트는 어떻게 되며, 이 비율이 2030년에는",medical,text,21,5,17
"린치 증후군을 가진 환자는 어떤 방식으로 대장암 선별 검사를 진행해야 하며, 변이 유전자의 종류에 따른 선별",medical,text,21,5,13
"폴립의 정의와 종류는 무엇이며, 폴립이 암으로 변하는 데 얼마의 시간이 소요되나요?",medical,text,21,9,4
"대변 검사 결과가 비정상인 경우 추가로 받아야 할 검사는 무엇이며, 대변 검사 이후로부터 몇 개월 이내에 받",medical,text,21,7,10
대장암 고위험군에 속하는 유전성 암 증후군의 유형에 대해 설명해주세요.,medical,text,21,8,14
대장암과 관련된 가족력의 종류와 대장암 위험을 증가시키는 요인에 대해 설명하시오.,medical,text,21,6,3
가족에게 대장암 또는 전암성 폴립이 있으나 유전성 암 증후군은 없는 경우 몇 세 이전에 대장암 검사를 시작하,medical,text,21,5,17
대장암 위험이 높은 폴립의 특징은 무엇인가요?,medical,text,21,10,8
"샘종 또는 무경성 톱니모양 폴립을 11개 이상 제거했을 경우 재검사 기간, 재검사의 이유, 유전자 검사 필요",medical,text,21,5,17
EMR 방식과 ESD 방식의 차이점은 무엇인가요?,medical,text,21,11,1
"일반적으로 방사선요법이 위암의 재발을 줄이는데 효과적이지 않다면, 이를 사용하는 특정한 경우는 무엇이 있나요",medical,text,21,12,0
2001년에 조사된 위암 환자들 중 증상이 있는 경우와 없는 경우의 비율 차이는 어떻게 되나요?,medical,text,21,6,15
"조기 위암 스크리닝검사의 주기로 어떤 시기가 최적이라고 제안되었으며, 그 검사 주기가 위암 환자들의 상대위험",medical,text,21,8,7
위암 환자에게 사용되는 치료 방법 중 하나로 환자의 삶의 질까지 고려한 치료 방법에 대해 알려주세요.,medical,text,21,12,5
EE와 NERD의 정의 및 공통점과 차이점을 설명해주세요.,medical,text,21,5,17
"흉부작열감은 어떤 상황에서 주로 유발되는가, 그리고 그 증상을 완화 시키기 위한 방법은 무엇인가?",medical,text,21,4,18
역류흉통증후군(Reflux chest pain syndrome)에서 환자가 통증을 느끼는 이유는 무엇인가요?,medical,text,21,3,19
PPI 검사에서 PPI를 높은 용량으로 투여하는 이유와 이 검사에 사용되는 PPI 투여 용량 기준은 무엇인지,medical,text,21,3,19
"PPI 검사의 장점과 단점은 무엇이며, GERD의 일차적 진단 방법으로 인정받는 이유는 무엇인가요?",medical,text,21,7,5
GERD 약물 요법에서 환자의 증상을 빠르게 호전시키며 순응도를 높이는 효과를 주는 step-down 요법은,medical,text,21,7,12
"PPI 초치료 후에 재발 방지를 위해 장기간 PPI 유지요법이 권장되는 이유와 함께, 재발 관련 요인과 해당",medical,text,21,4,17
"원고가 주장하는 망인의 사망과 공무상 재해와의 관련성을 설명하고, 이에 따른 피고의 처분이 위법하다는 그 근",law,paragraph,21,19,0
당직근무 시 유의사항은 무엇인가요?,law,image,21,15,0
망인이 석식이 끝난 후에 하는 스케이트보드 타기는 공무수행 또는 그에 따르는 행위에 해당하는지 설명해주세요.,law,paragraph,21,17,0
"A가 개발한 이 사건 성능조절기능이 탑재된 J 버전 업데이트는 언제 배포되었고, 이를 사용자에게 어떠한 이유",law,paragraph,21,5,14
이 사건 C의 사용자가 피고 B를 상대로 제기한 손해배상 청구 사건에서는 어떠한 결과가 나왔나요?,law,paragraph,21,10,0
본 문서에서 언급된 피고 A가 고객에게 고지하지 않았던 C의 성능저하 사실은 어떠한 법률적 책임을 위반한 것,law,paragraph,21,9,13
소비자기본법에서 규정하는 사업자의 책무는 어떠한 것들이 있나요?,law,paragraph,21,4,18
피고 A에게 신의성실의 원칙상 고지의무 혹은 설명의무를 인정해야 하는 이유는 무엇인가?,law,paragraph,21,11,1
원고가 뇌물공여죄와 특정범죄가중처벌등에관한 법률위반(알선수재)죄로 처벌받게 된 과정과 그로 인해 피고가 원고,law,paragraph,21,9,5
"제한결정내역에 대한 정보 중, 퇴직수당과 퇴직연금의 총액은 얼마인가요?",law,image,21,7,0
"피고의 주장에 따르면 원고의 알선수재죄는 어떤 사안에 대한 것이며, 이는 언제 성립되었다고 주장하는가?",law,paragraph,21,11,6
2순위 공사인 개선공사(II)의 공사금액과 납품일시를 그리고 전체 공사금액 중 이 공사가 차지하는 비율을 구,law,table,21,10,10
공무원연금법 제65조 제1항 제1호의 규정 취지는 어떠한가요?,law,paragraph,21,6,0
공무원연금법 제65조 제1항 제1호에 의한 퇴직연금 등의 감액 요건은 무엇인가요?,law,paragraph,21,5,12
"환수금을 내야 할 사람이 기한까지 내지 않을 경우 연체이자는 어떻게 산정되며, 그 연체이자의 계산기간은 어떻",law,paragraph,21,5,17
"특정범죄 가중처벌 등에 관한 법률 제3조에 따르면, 공무원의 직무와 관련해 알선을 맡고 금품이나 이익을 수수",law,paragraph,21,7,13
원심이 판단하였던 D과 E 사이의 대화는 어떠한 관점에서 보았을 때 '공개되지 아니한 타인 간의 대화'에 해,law,paragraph,21,4,12
"피고인의 주장이 맞다고 가정하면, B시청 C 사무공간에서 이루어진 D과 E 사이의 대화가 공개 된 것으로 간",law,paragraph,21,4,17
청탁금지법상에서 1회에 받는 사교 등 목적 선물의 가액은 어느 정도로 제한되어 있는가?,law,paragraph,21,6,16
"원고의 주요 사업 중 하나로 언급된 'A'가상자산 거래소는 언제 설립되었으며, 어떤 비거주자 회원들에 대한 ",law,paragraph,21,7,15
"조세법률주의 원칙상 해석에 대한 제약사항은 무엇이며, 소득세법은 어떤 방식을 택하였는지 설명해보세요.",law,paragraph,21,9,13
"가상자산소득에 대한 개정 소득세법 제21조 제1항 제27호, 제119조 제12호 타목의 적용 시기가 최종적으",law,paragraph,21,3,18
"제127조에 언급된 원천징수의무라는 것은 어떤 경우에 적용되며, 그 종류에는 어떤 것들이 있는가?",law,paragraph,21,10,10
"처분 과세액이 가장 높은 구성은 무엇이며, 그 특성에 대해 설명해주세요.",law,table,21,15,3
BOPP 필름과 개봉 테이프의 역할과 차이점은 무엇인가요?,law,table,21,12,0
구 관세법 시행령 제19조 제2항에서 권리사용료를 수입물품의 관세 과세가격에 가산하기 위한 요건은 무엇인가요,law,paragraph,21,7,1
국세기본법 제14조 제2항에서 언급하는 과세표준의 계산에 관한 규정이 어떠한 실질내용에 따라 적용되어야 하는,law,paragraph,21,8,8
"관세법 시행령 제19조 제3항 제1호 다목, 제2호는 어떠한 상황에서 권리사용료가 해당 물품과 관련된 것으로",law,paragraph,21,7,0
제1 라이선스 계약의 '기타 지적재산권'이 포함하는 것은 무엇인가요?,law,paragraph,21,6,2
"구 관세법 제30조에 따르면, 과세가격은 어떤 가격에 어떤 단계를 통해 조정되는 거래가격인가요?",law,paragraph,21,9,10
도 2와 도 3에 공통적으로 표시되어 있는 파트의 번호를 모두 나열하시오.,law,image,21,18,0
도 2에서만 표시된 파트의 번호와 해당 파트명을 모두 찾아주세요.,law,image,21,17,1
"원고가 특허청 심사관의 재심사 결과에 불복하여 취소심판을 청구한 날짜는 언제이며, 그에 따른 특허심판원의 결",law,paragraph,21,8,4
"선행 발명의 장치가 가지는 특성 중 단열의 제 2 질량체가 가진 역할은 무엇이고, 이를 통해 어떠한 이점을 ",law,table,21,9,0
"2023년부터 소득세법에 따른 출산 및 육아에 대한 세제지원이 강화되었는데, 6세 이하 자녀가 받는 보육수당",law,paragraph,21,5,17
"6세 이하의 자녀에 대한 의료비 공제를 받을 수 있는 경우, 적용되는 공제율은 몇 퍼센트인가요? 또한, 이 ",law,paragraph,21,7,14
"2023년 소득세법 개정 중 고소득 근로소득세액공제를 1억2천만원까지 적용한 후, 그 초과 금액에 대한 근로",law,paragraph,21,7,8
조합 등 출자금 배당소득 비과세 출자금 범위가 어떻게 변경되고 이를 언제부터 적용하게 되는가?,law,paragraph,21,9,12
재기중소기업인 특례 대상 확대와 적용기한 연장이 어떤 세법에 기반하여 이루어진 것인가요?,law,table,21,6,2
용역제공자에 관한 과세자료 제출에 대한 세액공제의 적용기한 연장이 언제까지인가요?,law,table,21,9,2
2024년부터 현금영수증을 의무발행해야하는 상황에 대해 구체적으로 설명해주세요.,law,paragraph,21,7,15
감염병 예방 조치에 따른 소상공인 손실보상금 익금 불산입의 적용 시기는 언제인가요?,law,paragraph,21,7,15
"원고 A이 시력 저하등의 증상이 발생한 시점은 언제로 보고, 그 시점 판단의 기준은 무엇인가요?",law,paragraph,21,7,11
의료진이 의무적으로 환자에게 설명해야 하는 사항에는 어떤 것들이 있을까요?,law,paragraph,21,5,17
"주어진 계산표에 기반하여 진찰에 필요한 총 비용은 얼마이며, 이는 몇 년 간격으로 발생한 비용인가?",law,table,21,8,5
"치료 종류 '재진 진찰료'에 대한 진찰료와 비용 총액을 엮어서 질문한다면, 어떻게 될까요?",law,table,21,12,6
판결서에서는 점포 내부에 기둥이 존재하는 경우 그 기둥이 어떤 요소들에 영향을 미칠 수 있다고 언급하였나?,law,paragraph,21,4,16
원고 주식회사가 제기한 특허무효심판 청구의 결과에 대해 어떤 절차와 결론이 있었나요?,law,paragraph,21,10,11
"피고가 주장한 이 사건 원고 제품들의 고유 구조는 무엇이고, 그에 대한 판단은 어떻게 이루어졌나요?",law,paragraph,21,9,3
"이지그릴 매직쿡과 원터치, 라이프 제품 중 어느 제품이 유일하게 검은색 베이스를 가지고 있는지 알려주세요.",law,image,21,5,0
"동일인 E가 소유하고 있는 주식은 얼마이고, 지분율은 얼마인가요?",law,table,21,14,3
주식회사 동일인의 주식 중에서 가장 많은 비율을 차지하는 주주는 누구인가요?,law,table,21,11,0
"2020년 3월 25일 정기주주총회에서 제25기 재무제표 승인 안건외에 어떤 안건이 있었고, 2021년 3월",law,table,21,7,10
"2020년 3월 24일에 개최된 주주총회에서 원고가 행사한 의결권은 어느 안건에 대한 것이었으며, 그 때 행",law,table,21,9,5
2020년 3월 24일에 개최된 정기 주주총회와 2021년 3월 26일에 개최된 정기 주주총회에서 상정된 각,law,table,21,9,9
원고가 출석하는 경우와 미출석하는 경우에서 결의사항 안건에 대한 찬성주식수 비율에 어떤 차이가 있는가?,law,table,21,8,11
공정거래법 제11조 제3호에 해당하지 않는다고 판단된 원고의 의결권 행사행위는 어떤 것인가요?,law,paragraph,21,7,9
한국표준산업분류상 금융업(K64)에 대한 정의는 무엇인지 설명해주세요.,law,paragraph,21,6,7
1986년에 신설된 공정거래법 제11조의 의결권 제한 제도는 어떤 종류의 회사들의 어떤 행위를 막기 위해 만,law,paragraph,21,5,16
2002.1.26 일부개정에서  의결권을 행사할 수 있는 경우는 무엇인가요?,law,table,21,13,1
코로나 19와 러시아-우크라이나 전쟁의 영향으로 전 세계적인 경제 불황이 닥친 상황에서 등장한 새로운 소비 ,commerce,paragraph,21,5,4
"2020년과 2022년에 각각 어떤 변화가 있어 소비자 체감 물가 및 소비자 동향 지수에 영향을 끼쳤으며, ",commerce,paragraph,21,6,15
"한국의 이커머스 시장은 지난 20년간 어떤 성장세를 보이고 있으며, 이를 통해 소비자들에게 무엇을 제공하고 ",commerce,paragraph,21,9,11
"베블런 효과가 작용하여 럭셔리 시장에서 수요가 증가하는 심리적 요인은 무엇이며, 그 요인들이 장기화된 코로나",commerce,paragraph,21,13,0
"국내 럭셔리 시장 규모가 2020년 대비 2021년에 어느 정도로 성장했으며, 이러한 변화는 어떤 요인들에 ",commerce,paragraph,21,14,0
"신명품 브랜드의 경제적 접근성과 브랜드 역사를 설명하고, 1980년대 이후 설립된 해당 브랜드의 예시 두 가",commerce,image,21,13,0
럭셔리 브랜드 기업들이 외식업계로 확장하는 이유와 그들이 제공하는 가치는 무엇인가요?,commerce,paragraph,21,10,0
2021년에 글로벌 사모펀드와 벤처 캐피털이 럭셔리 관련 기업에 투자한 액수와 이전년도 대비 증가율은 어떻게,commerce,paragraph,21,12,0
국내 리세일 시장에서 개인 간 거래인 C2C 형태 거래의 어려움과 이를 해결하기 위한 해결책으로 제공된 플랫,commerce,paragraph,21,13,0
"애플과 구글이 적용한 개인정보보호 강화 정책으로 인하여, 향후 마케팅 전략에서 어떤 점이 더욱 중요해질 것으",commerce,paragraph,21,3,19
재구매 고객의 평균 Historical LTV는 신규구매 고객 대비 얼마나 높은가요?,commerce,paragraph,21,3,19
전체 매출액 중 로얄 고객 10%가 발생시킨 매출액의 비율과 이들의 매출액 비중이 특별히 높은 업종 두 가지,commerce,paragraph,21,7,15
이커머스 사이트에서 신규 고객 유입보다 재구매 고객의 리텐션을 유지하는 것이 중요하다고 생각하는 이유는 무엇,commerce,paragraph,21,8,4
"이커머스 시장 규모가 가장 큰 국가와 그 규모, 이에 비해 가장 작은 규모를 보인 국가와 그 규모를 알려주세",commerce,table,21,7,3
2020년 글로벌 이커머스 시장의 규모와 온라인 소비에서 중국이 차지하는 비율은 얼마인가요?,commerce,paragraph,21,8,3
"이커머스 시장에서 상위 3개 사업자의 점유율이 가장 높은 국가는 어디이며, 그 점유율과 사업자 이름은 무엇인",commerce,table,21,4,18
"2018년 대비 2020년의 Alibaba, JD.com, 핀둬둬의 GMV 증가율은 각각 어떻게 되는가?",commerce,table,21,12,9
"알리바바, JD.com, 핀두오두오가 2018년부터 2020년까지 영업이익 혹은 영업손실을 보였는지 상세하게",commerce,image,21,6,16
2018년부터 2020년까지 아마존의 GMV가 얼마나 증가했는지 금액으로 알려주세요.,commerce,image,21,8,12
"해당 이미지에서 나타난 2020년 국내 이커머스 시장에서 각 업체의 비중을 표기하고, 그 중에서 가장 비중이",commerce,image,21,7,2
"쿠팡이 IPO를 통해 확보한 자금을 사영하는 데 있어서 주요 전략은 무엇이며, 이에 따른 잠재적인 비효율성은",commerce,paragraph,21,6,16
세 가지 유형 중 정기 배송형 구독 서비스의 대표적인 업체 이름과 해당 업체에서 제공하는 대상 상품들을 비롯,commerce,table,21,5,17
배달 시장의 진출이 이커머스 업체에 어떤 형태로 경쟁력 제고에 이바지하나요?,commerce,paragraph,21,3,19
"라이브11과 글랜스TV는 동일한 어떤 활동을 이용하여 커머스와 연계하였으며, 그들의 호스트는 각각 누구인가요",commerce,image,21,7,13
퀵커머스와 이커머스의 주요 경쟁력을 비교 설명해보세요,commerce,image,21,13,0
"이커머스 소비자들이 가장 관심을 두는 정보와 그 다음으로 관심을 두는 정보는 무엇이며, 이러한 정보를 얻기 ",commerce,paragraph,21,9,12
"전체적으로 이용률이 높은 인터넷 서비스 종류는 어떤 것들이며, 이들 서비스의 순위는 어떻게 되나요?",commerce,image,21,16,0
라이브커머스 이용률이 가장 높은 서비스는 무엇이며 그 이유는 무엇인가요?,commerce,paragraph,21,8,4
"YGX의 멤버들이 참여한 2021년도 캠페인의 주 고객층은 누구이며, 이들을 타겟으로 하여 어떤 방식으로 주",commerce,image,21,6,16
"2021년 하반기 캠페인에서 배우 이유리가 직접 참여한 활동은 무엇이고, 그 결과로 어떤 변화를 가져왔는지 ",commerce,image,21,9,8
𝟮𝟬𝟮𝟭년 𝗖𝗨의 메타버스 월드 제페토 캠페인에서 CU 공식 캐릭터와 찍은 사진을 SNS에 공유하는 방식을 ,commerce,image,21,4,18
"2010년부터 2020년까지 한국의 유통시장과 온라인몰 시장의 성장률을 비교했을 때, 어떤 시장이 더 빠르게",commerce,image,21,12,4
HelpNow AI를 도입했을 때 수작업으로 수행하던 챗봇 학습 데이터 튜닝이나 NLU 트레이닝 과정이 자동,commerce,paragraph,21,2,20
"CSP AI 영역에는 어떤 서비스들이 존재하고, 이와 비교하여 기업시스템은 어떠한 시스템을 구성하고 있나요?",commerce,image,21,10,6
얼럿나우 서비스의 주요 기능과 효과에 대해 설명해주세요.,commerce,image,21,7,13
클라우드 기반의 부릉 TMS 솔루션은 어떤 방식으로 배송 이력 추적 및 분석을 통한 의사 결정을 도와주나요?,commerce,paragraph,21,5,17
"bigin의 가장 큰 차별점이 무엇이며, 이를 통해 어떤 이점을 얻을 수 있나요?",commerce,paragraph,21,9,12
"소셜프레임이 실시간으로 연동되는 소셜 미디어 플랫폼들은 무엇이며, 이를 통해 어떻게 온라인과 오프라인을 연동",commerce,image,21,5,14
클레임 즉시 대응 방안에서 제안하는 클레임 대응 시간은 몇 초 이내인가요? 그리고 이를 통해 어떠한 효과를 ,commerce,image,21,16,1
그루브웍스가 제공하는 '아바톡'이란 메타버스 전용 3D아바타형 AI커뮤니케이션 서비스의 특징 및 기능을 상세,commerce,paragraph,21,4,7
라이브커머스 이용자 중 비율이 가장 높은 연령대와 가장 많이 구매하는 상품 유형은 무엇인가요?,commerce,paragraph,21,6,16
라이브커머스에서 소비자들이 생산자인 농업인이 직접 쇼호스트를 맡는 것을 선호하는 이유는 무엇인가요?,commerce,paragraph,21,5,17
구매하고자 하는 품질에 대한 선호도 순위를 최고부터 최저까지 나열해 주세요,commerce,table,21,12,2
"B2B 기업의 온라인 매출 규모가 2018년과 2020년에 얼마나 증가했으며, 이러한 현상에 대해 Gartn",commerce,paragraph,21,5,14
"2025년까지 밀레니얼 세대가 노동력의 어느 정도를 차지할 것으로 예상되며, 이들 중 어느 정도 비율이 단독",commerce,paragraph,21,10,12
e커머스 통합이 기업에게 리소스를 효율적으로 활용하게 만드는 구체적인 방법은 무엇인가요?,commerce,paragraph,21,5,17
Adobe Commerce 고객이 한 해 동안 전체 주문 규모 중 어느 정도 비율을 온라인 주문으로 전환하는,commerce,paragraph,21,3,19
"자동화된 SKU 확인을 통해 어떠한 점들을 검토할 수 있으며, 그로 인해 어떠한 이점을 얻을 수 있는지 설명",commerce,paragraph,21,11,8
"디지털 커머스를 활용하여 고객 만족도와 매출 증가에 성공한 US Foods, Coca-Cola, Levi’s",commerce,paragraph,21,4,18
"미국의 야후가 NFL 팬들을 위하여 어떠한 새로운 기능을 도입하였으며, 이 기능을 통해 팬들에게 어떠한 체험",commerce,paragraph,21,5,16
<Emily in Paris> 시즌2에서 넷플릭스.샵을 통해 판매한 상품 외에 어떤 판매 채널을 이용하였는지,commerce,paragraph,21,4,17
"중국의 라이브커머스 산업은 2019년에 어떤 특징을 보였고, 이는 어떤 요인에 의해 촉발되었나요?",commerce,paragraph,21,8,6
"텍스트, 이미지, 쇼트클립, 라방의 조합은 어떻게 소비자의 온라인 쇼핑 가이드가 되어, 정보 획득과 구매 의",commerce,paragraph,21,3,19
중국 소비자의 라방 시청 이유 중 '더 많은 브랜드를 알기 위해'와 '스타/왕홍 따라 구매'의 백분율 차이는,commerce,image,21,5,0
2020년 중국 라이브커머스 시장 규모와 예상되는 2023년의 규모 변화에 대해 서술하시오.,commerce,paragraph,21,4,18
2020년 기업의 자체 라방 거래액이 전체 생방송 라이브커머스 대비 차지하는 비율과 2023년에 예상되는 그,commerce,paragraph,21,6,15
"콰이서우와 틱톡에서 거래비율이 급성장한 연도와 그 이유, 그리고 현재 거래액은 어떻게 되는지 설명해주세요.",commerce,paragraph,21,7,15
틱톡과 콰이서우의 서비스 업체 보상 정책이 어떻게 서로 다른가요?,commerce,image,21,4,0
한국콘텐츠진흥원 북경비즈니스센터의 시설 중 상설전시공간에서는 어떤 종류의 한국 콘텐츠 상품들을 전시하고 있나,commerce,paragraph,21,7,13
KOCCA 북경비즈니스센터의 통역 서비스를 신청하기 위해 필요한 절차와 조건은 무엇인가요?,commerce,paragraph,21,6,16
